OldMunicipality,NewMunicipality,Coords
Aa,Rennebu,"(245693, 6976374)"
Agdenes,Agdenes,"(242691, 7052350)"
Aker,Oslo,"(261502, 6649292)"
Alstahaug,Alstahaug,"(391273, 7324149)"
Alta,Alta,"(816163, 7784821)"
Alversund,Lindås,"(-31514, 6751938)"
Andebu,Andebu,"(225420, 6584068)"
Ankenes,Narvik,"(599528, 7593776)"
Aremark,Aremark,"(311439, 6569443)"
Arendal,Arendal,"(136520, 6496840)"
Asker,Asker,"(244255, 6642039)"
Askim,Askim,"(283260, 6611428)"
Askvoll,Askvoll,"(-30624, 6842173)"
Askøy,Askøy,"(-37080, 6736944)"
Aukra,Aukra,"(88232, 6988266)"
Aure,Aure,"(175771, 7031831)"
Aurland,Aurland,"(76884, 6777534)"
Aurskog,Aurskog-Høland,"(307783, 6643375)"
Austad,Lyngdal,"(33634, 6471595)"
Austevoll,Austevoll,"(-42519, 6702256)"
Austre Moland,Arendal,"(136520, 6496840)"
Austrheim,Austrheim,"(-46742, 6780720)"
Avaldsnes,Karmøy,"(-51177, 6611558)"
Bakke,Flekkefjord,"(12084, 6492155)"
Balestrand,Balestrand,"(46084, 6815438)"
Balsfjord,Balsfjord,"(667079, 7686917)"
Bamble,Bamble,"(198357, 6552083)"
Bardu,Bardu,"(634793, 7642467)"
Beiarn,Beiarn,"(481392, 7432258)"
Beitstad,Steinkjer,"(328773, 7103152)"
Berg,Berg,"(590088, 7705615)"
Bergen,Bergen,"(-31781, 6734243)"
Bindal,Bindal,"(376769, 7220816)"
Biri,Gjøvik,"(265643, 6747621)"
Birkenes,Birkenes,"(104164, 6485926)"
Bjarkøy,Harstad,"(562119, 7632709)"
Bjelland,Marnardal,"(61369, 6475127)"
Bjerkreim,Bjerkreim,"(-16912, 6533359)"
Bjugn,Bjugn,"(244202, 7081254)"
Bodin,Bodø,"(473416, 7463089)"
Bodø,Bodø,"(473416, 7463089)"
Bokn,Bokn,"(-44594, 6604924)"
Bolsøy,Molde,"(99999, 6980792)"
Borge,Vestvågøy,"(442327, 7560047)"
Borgund,Ålesund,"(44904, 6957920)"
Borre,Horten,"(243854, 6595010)"
Botne,Holmestrand,"(234820, 6603941)"
Brandbu,Gran,"(255438, 6703418)"
Brandval,Kongsvinger,"(333565, 6676514)"
Breim,Jølster,"(48556, 6855794)"
Brekke,Gulen,"(-35713, 6801489)"
Bremanger,Bremanger,"(-11114, 6886699)"
Bremsnes,Averøy,"(128114, 7012898)"
Brevik,Porsgrunn,"(194424, 6568079)"
Brunlanes,Larvik,"(214894, 6556496)"
Bruvik,Osterøy,"(-19949, 6747381)"
Brønnøy,Brønnøy,"(370576, 7263461)"
Bud,Fræna,"(101690, 6993606)"
Budal,Midtre Gauldal,"(261752, 6998681)"
Buksnes,Vestvågøy,"(442327, 7560047)"
Buvik,Skaun,"(253097, 7031182)"
Bygland,Bygland,"(84685, 6543670)"
Bykle,Bykle,"(66073, 6604610)"
Byneset,Trondheim,"(270282, 7041668)"
Bærum,Bærum,"(249610, 6647496)"
Bø,Bø (Telemark),"(163467, 6601042)"
Børsa,Skaun,"(253097, 7031182)"
Børseskogn,Skaun,"(253097, 7031182)"
Davik,Vågsøy,"(-17456, 6906524)"
Dovre,Dovre,"(198947, 6885924)"
Drammen,Drammen,"(230713, 6632723)"
Drangedal,Drangedal,"(160110, 6566047)"
Drøbak,Frogn,"(254237, 6622371)"
Dverberg,Andøy,"(544098, 7689792)"
Dypvåg,Tvedestrand,"(147583, 6514381)"
Dyrøy,Dyrøy,"(607105, 7666942)"
Dønnes,Dønna,"(386223, 7334003)"
Edøy,Smøla,"(152253, 7055847)"
Egge,Steinkjer,"(328773, 7103152)"
Eid,Eid,"(27903, 6896629)"
Eidanger,Porsgrunn,"(194424, 6568079)"
Eide,Eide,"(116867, 6998731)"
Eidfjord,Eidfjord,"(64656, 6729742)"
Eidsberg,Eidsberg,"(292934, 6607172)"
Eidskog,Eidskog,"(339600, 6653287)"
Eidsvoll,Eidsvoll,"(293605, 6693903)"
Eigersund,Eigersund,"(-24092, 6514253)"
Eina,Vestre Toten,"(260514, 6740268)"
Elverum,Elverum,"(313229, 6754935)"
Enebakk,Enebakk,"(283522, 6631468)"
Eresfjord og Vistdal,Molde,"(99999, 6980792)"
Etne,Etne,"(-9745, 6648991)"
Etnedal,Etnedal,"(209327, 6762283)"
Evanger,Voss,"(31351, 6752005)"
Evenes,Evenes,"(582061, 7602555)"
Evje,Evje og Hornnes,"(80465, 6513874)"
Fana,Bergen,"(-31781, 6734243)"
Farsund,Farsund,"(17507, 6468713)"
Fauske,Fauske,"(516952, 7460508)"
Feda,Kvinesdal,"(29856, 6492024)"
Feiring,Eidsvoll,"(293605, 6693903)"
Fet,Fet,"(285825, 6648944)"
Fillan,Hitra,"(201432, 7066758)"
Finnås,Bømlo,"(-50015, 6669324)"
Finnøy,Finnøy,"(-20659, 6594836)"
Finsland,Songdalen,"(78880, 6468118)"
Fister,Hjelmeland,"(-2331, 6599743)"
Fitjar,Fitjar,"(-40187, 6681855)"
Fjelberg,Kvinnherad,"(-524, 6683734)"
Fjell,Fjell,"(-43533, 6732676)"
Fjotland,Kvinesdal,"(29856, 6492024)"
Fjære,Grimstad,"(125525, 6485086)"
Flakstad,Flakstad,"(426426, 7554283)"
Flatanger,Flatanger,"(302908, 7159259)"
Flekkefjord,Flekkefjord,"(12084, 6492155)"
Flesberg,Flesberg,"(196557, 6645180)"
Florø,Flora,"(-27152, 6870084)"
Flosta,Arendal,"(136520, 6496840)"
Flå,Flå,"(195583, 6712003)"
Foldereid,Nærøy,"(339132, 7197502)"
Forsand,Forsand,"(-12034, 6562987)"
Fosnes,Fosnes,"(321729, 7175716)"
Fredrikshald,Halden,"(293232, 6559298)"
Fredrikstad,Fredrikstad,"(268259, 6570534)"
Fredriksvern,Larvik,"(214894, 6556496)"
Frei,Kristiansund,"(133614, 7018593)"
Frogn,Frogn,"(254237, 6622371)"
Froland,Froland,"(129122, 6502794)"
Frosta,Frosta,"(288760, 7058117)"
Fræna,Fræna,"(101690, 6993606)"
Furnes,Ringsaker,"(279682, 6756921)"
Fusa,Fusa,"(-11195, 6714026)"
Fyresdal,Fyresdal,"(105582, 6581292)"
Fåberg,Lillehammer,"(255869, 6784031)"
Førde,Førde,"(13488, 6847162)"
Geitastrand,Orkdal,"(241687, 7029354)"
Gildeskål,Gildeskål,"(457612, 7435580)"
Gimsøy,Vågan,"(481897, 7568820)"
Giske,Giske,"(44350, 6961325)"
Gjemnes,Gjemnes,"(128330, 6994939)"
Gjerdrum,Gjerdrum,"(279462, 6666002)"
Gjerpen,Skien,"(192396, 6575530)"
Gjerstad,Gjerstad,"(155445, 6542237)"
Gjesdal,Gjesdal,"(-27935, 6550003)"
Gjøvdal,Åmli,"(123544, 6532393)"
Gjøvik,Gjøvik,"(265643, 6747621)"
Glemmen,Fredrikstad,"(268259, 6570534)"
Gloppen,Gloppen,"(37559, 6880701)"
Gol,Gol,"(170027, 6744540)"
Gran,Gran,"(255438, 6703418)"
Gransherad,Notodden,"(175886, 6616416)"
Granvin,Voss,"(31351, 6752005)"
Gravvik,Nærøy,"(339132, 7197502)"
Grimstad,Grimstad,"(125525, 6485086)"
Grindheim,Audnedal,"(52281, 6485772)"
Grip,Kristiansund,"(133614, 7018593)"
Grong,Grong,"(370713, 7151446)"
Grue,Grue,"(338014, 6705297)"
Grytten,Rauma,"(124670, 6958788)"
Gulen,Gulen,"(-35713, 6801489)"
Gyland,Flekkefjord,"(12084, 6492155)"
Hadsel,Hadsel,"(496266, 7605666)"
Hafslo,Luster,"(89400, 6831987)"
Halsa,Halsa,"(163040, 7016385)"
Halse og Harkmark,Mandal,"(54631, 6456590)"
Haltdalen,Holtålen,"(311257, 6973573)"
Hamar,Hamar,"(286619, 6746272)"
Hamarøy,Hamarøy,"(525645, 7552330)"
Hammerfest,Hammerfest,"(819935, 7862679)"
Hamre,Lindås,"(-31514, 6751938)"
Haram,Haram,"(61668, 6970043)"
Harstad,Harstad,"(562119, 7632709)"
Hasvik,Hasvik,"(770258, 7848123)"
Hattfjelldal,Hattfjelldal,"(453417, 7275439)"
Haugesund,Haugesund,"(-50742, 6626242)"
Haus,Osterøy,"(-19949, 6747381)"
Heddal,Bø (Telemark),"(163467, 6601042)"
Hedrum,Larvik,"(214894, 6556496)"
Hegra,Stjørdal,"(296660, 7044273)"
Heidal,Sel,"(211829, 6860993)"
Helgøy,Karlsøy,"(676456, 7768303)"
Helleland,Eigersund,"(-24092, 6514253)"
Hemne,Hemne,"(203891, 7031678)"
Hemnes,Hemnes,"(446739, 7328926)"
Hemsedal,Hemsedal,"(150855, 6764438)"
Hen,Rauma,"(124670, 6958788)"
Herad,Farsund,"(17507, 6468713)"
Herdla,Askøy,"(-37080, 6736944)"
Herefoss,Birkenes,"(104164, 6485926)"
Herøy,Sande (Møre og Romsdal),"(10594, 6933069)"
Heskestad,Eigersund,"(-24092, 6514253)"
Hetland,Sandnes,"(-33904, 6560209)"
Hidra,Flekkefjord,"(12084, 6492155)"
Hillesøy,Tromsø,"(653403, 7731972)"
Hisøy,Arendal,"(136520, 6496840)"
Hitra,Hitra,"(201432, 7066758)"
Hjartdal,Hjartdal,"(158896, 6623837)"
Hjelme,Øygarden,"(-52439, 6751188)"
Hjelmeland,Hjelmeland,"(-2331, 6599743)"
Hjørundfjord,Ørsta,"(39544, 6928006)"
Hobøl,Hobøl,"(271626, 6616339)"
Hof,Hof,"(222335, 6609153)"
Hol,Hol,"(133835, 6738611)"
Hole,Hole,"(237437, 6669735)"
Holla,Skien,"(192396, 6575530)"
Holmestrand,Holmestrand,"(234820, 6603941)"
Holmsbu,Asker,"(244255, 6642039)"
Holt,Tvedestrand,"(147583, 6514381)"
Holum,Mandal,"(54631, 6456590)"
Horg,Melhus,"(263260, 7026329)"
Hornindal,Hornindal,"(56431, 6899793)"
Hornnes,Evje og Hornnes,"(80465, 6513874)"
Horten,Horten,"(243854, 6595010)"
Hosanger,Osterøy,"(-19949, 6747381)"
Hovin,Notodden,"(175886, 6616416)"
Hurdal,Hurdal,"(283605, 6706340)"
Hurum,Hurum,"(243826, 6617201)"
Hvaler,Hvaler,"(272228, 6549922)"
Hvitsten,Vestby,"(260108, 6614803)"
Hyllestad,Hyllestad,"(-20819, 6820592)"
Håland,Stavanger,"(-32014, 6573603)"
Hålandsdal,Fusa,"(-11195, 6714026)"
Hægebostad,Hægebostad,"(45573, 6496877)"
Hægeland,Vennesla,"(88186, 6480151)"
Høland,Aurskog-Høland,"(307783, 6643375)"
Høle,Sandnes,"(-33904, 6560209)"
Hølen,Vestby,"(260108, 6614803)"
Hølonda,Melhus,"(263260, 7026329)"
Hønefoss,Ringerike,"(236852, 6678708)"
Høvåg,Lillesand,"(111733, 6475634)"
Høyland,Sandnes,"(-33904, 6560209)"
Høylandet,Høylandet,"(370958, 7169698)"
Ibestad,Ibestad,"(587910, 7631243)"
Idd,Halden,"(293232, 6559298)"
Inderøy,Inderøy,"(317737, 7088485)"
Indre Holmedal,Gaular,"(8402, 6833820)"
Innvik,Stryn,"(65740, 6891168)"
Iveland,Iveland,"(87238, 6501410)"
Jelsa,Suldal,"(5455, 6626756)"
Jevnaker,Jevnaker,"(244630, 6687145)"
Jondal,Jondal,"(17125, 6714275)"
Jostedal,Luster,"(89400, 6831987)"
Jølster,Jølster,"(48556, 6855794)"
Jøssund,Bjugn,"(244202, 7081254)"
Karasjok,Karasjok - Kárásjoga gielda,"(909898, 7742329)"
Karlsøy,Karlsøy,"(676456, 7768303)"
Kautokeino,Kautokeino - Guovdageainnu suohkan,"(820714, 7676778)"
Kinn,Bremanger,"(-11114, 6886699)"
Kistrand,Porsanger - Porsánjggu gielda - Porsangin komuuni,"(877621, 7802624)"
Kjelvik,Nordkapp,"(897302, 7911053)"
Kjerringøy,Bodø,"(473416, 7463089)"
Klepp,Klepp,"(-40678, 6553118)"
Klinga,Namsos,"(331585, 7153591)"
Klæbu,Klæbu,"(273653, 7027052)"
Kolbu,Østre Toten,"(271563, 6734085)"
Kolvereid,Nærøy,"(339132, 7197502)"
Kongsberg,Kongsberg,"(198605, 6626282)"
Kongsvinger,Kongsvinger,"(333565, 6676514)"
Kopervik,Karmøy,"(-51177, 6611558)"
Kornstad,Averøy,"(128114, 7012898)"
Kragerø,Kragerø,"(177909, 6538808)"
Kristiania,Oslo,"(261502, 6649292)"
Kristiansand,Kristiansand,"(88166, 6466404)"
Kristiansund,Kristiansund,"(133614, 7018593)"
Kråkerøy,Fredrikstad,"(268259, 6570534)"
Kråkstad,Ski,"(266042, 6627609)"
Krødsherad,Krødsherad,"(201825, 6683534)"
Kvalsund,Kvalsund,"(833272, 7846196)"
Kvam,Steinkjer,"(328773, 7103152)"
Kvernes,Averøy,"(128114, 7012898)"
Kvikne,Tynset,"(280892, 6911847)"
Kvinnherad,Kvinnherad,"(-524, 6683734)"
Kviteseid,Kviteseid,"(131000, 6602872)"
Kvås,Lyngdal,"(33634, 6471595)"
Kvæfjord,Kvæfjord,"(547395, 7629395)"
Kvænangen,Kvænangen,"(769264, 7774743)"
Kyrkjebø,Høyanger,"(21549, 6819926)"
Landvik,Grimstad,"(125525, 6485086)"
Langesund,Bamble,"(198357, 6552083)"
Lardal,Lardal,"(213965, 6595706)"
Larvik,Larvik,"(214894, 6556496)"
Laudal,Lindesnes,"(46621, 6464013)"
Lavangen,Lavangen,"(613440, 7628793)"
Lavik,Gulen,"(-35713, 6801489)"
Lebesby,Lebesby,"(947287, 7917085)"
Leikanger,Leikanger,"(61072, 6810979)"
Leinstrand,Trondheim,"(270282, 7041668)"
Leiranger,Steigen,"(500697, 7517909)"
Leka,Leka,"(345218, 7222777)"
Leksvik,Leksvik,"(283754, 7068032)"
Lensvik,Agdenes,"(242691, 7052350)"
Lenvik,Lenvik,"(618185, 7683012)"
Lesja,Lesja,"(179916, 6902476)"
Levanger,Levanger,"(317450, 7073995)"
Lier,Lier,"(233124, 6637247)"
Lierne,Lierne,"(432315, 7149465)"
Liknes,Kvinesdal,"(29856, 6492024)"
Lille Elvedalen,Alvdal,"(272301, 6893937)"
Lillehammer,Lillehammer,"(255869, 6784031)"
Lillesand,Lillesand,"(111733, 6475634)"
Lillestrøm,Skedsmo,"(278878, 6652959)"
Lindås,Lindås,"(-31514, 6751938)"
Lom,Lom,"(161806, 6872780)"
Loppa,Loppa,"(776694, 7809305)"
Lund,Lund,"(7628, 6510645)"
Lunde,Nome,"(173776, 6585202)"
Lunner,Lunner,"(257360, 6692307)"
Lurøy,Lurøy,"(404409, 7366068)"
Luster,Luster,"(89400, 6831987)"
Lyngdal,Lyngdal,"(33634, 6471595)"
Lyngen,Lyngen,"(702920, 7727292)"
Lånke,Stjørdal,"(296660, 7044273)"
Lårdal,Tokke,"(104301, 6610494)"
Lærdal,Lærdal,"(95209, 6797040)"
Lødingen,Lødingen,"(540658, 7588901)"
Lørenskog,Lørenskog,"(274328, 6650736)"
Løten,Løten,"(301193, 6747996)"
Malangen,Balsfjord,"(667079, 7686917)"
Malvik,Malvik,"(290054, 7038289)"
Mandal,Mandal,"(54631, 6456590)"
Manger,Radøy,"(-43255, 6764204)"
Masfjorden,Masfjorden,"(-26608, 6779398)"
Meldal,Meldal,"(232761, 7001703)"
Melhus,Melhus,"(263260, 7026329)"
Meløy,Meløy,"(443361, 7417705)"
Meråker,Meråker,"(337541, 7035861)"
Mo,Rana,"(461445, 7354862)"
Modalen,Modalen,"(828, 6777208)"
Modum,Modum,"(221325, 6658982)"
Molde,Molde,"(99999, 6980792)"
Mosjøen,Vefsn,"(417816, 7303376)"
Moss,Moss,"(253882, 6596410)"
Mosterøy,Rennesøy,"(-31683, 6588225)"
Mosvik,Inderøy,"(317737, 7088485)"
Mykland,Birkenes,"(104164, 6485926)"
Målselv,Målselv,"(643694, 7672406)"
Måsøy,Måsøy,"(849819, 7904982)"
Namdalseid,Namdalseid,"(316741, 7127459)"
Namsos,Namsos,"(331585, 7153591)"
Nannestad,Nannestad,"(279290, 6682490)"
Narvik,Narvik,"(599528, 7593776)"
Naustdal,Naustdal,"(7192, 6854837)"
Nedre Eiker,Nedre Eiker,"(219603, 6634163)"
Nedstrand,Tysvær,"(-40826, 6625960)"
Nes,Nes (Akershus),"(303651, 6670282)"
Nesna,Nesna,"(410718, 7343529)"
Nesodden,Nesodden,"(257110, 6643302)"
Nesseby,Nesseby - Unjárgga gielda,"(1009141, 7842069)"
Nesset,Nesset,"(146603, 6979714)"
Nissedal,Nissedal,"(128364, 6560272)"
Nittedal,Nittedal,"(270693, 6663337)"
Nord-Audnedal,Audnedal,"(52281, 6485772)"
Nord-Aurdal,Nord-Aurdal,"(188428, 6774875)"
Nord-Fron,Nord-Fron,"(221501, 6840361)"
Nord-Frøya,Frøya,"(195378, 7081671)"
Nord-Odal,Nord-Odal,"(309444, 6700069)"
Nord-Varanger,Vadsø,"(1056260, 7841826)"
Nord-Vågsøy,Vågsøy,"(-17456, 6906524)"
Norddal,Norddal,"(99157, 6931458)"
Norderhov,Ringerike,"(236852, 6678708)"
Nordfold,Steigen,"(500697, 7517909)"
Nordre Land,Nordre Land,"(232450, 6754390)"
Nordreisa,Nordreisa,"(732237, 7751502)"
Nore,Nore og Uvdal,"(165411, 6696520)"
Nærbø,Hå,"(-42323, 6535232)"
Nærøy,Nærøy,"(339132, 7197502)"
Nøtterøy,Nøtterøy,"(238081, 6574029)"
Oddernes,Kristiansand,"(88166, 6466404)"
Ogna,Hå,"(-42323, 6535232)"
Ogndal,Steinkjer,"(328773, 7103152)"
Onsøy,Fredrikstad,"(268259, 6570534)"
Oppdal,Oppdal,"(227418, 6951690)"
Orkdal,Orkdal,"(241687, 7029354)"
Os,Os (Hordaland),"(-27257, 6710455)"
Osen,Osen,"(283102, 7137877)"
Overhalla,Overhalla,"(353381, 7155577)"
Polmak,Tana - Deanu gielda,"(995112, 7842002)"
Porsgrunn,Porsgrunn,"(194424, 6568079)"
Rakkestad,Rakkestad,"(292604, 6593443)"
Ramnes,Re,"(231017, 6590927)"
Randesund,Kristiansand,"(88166, 6466404)"
Rauland,Vinje,"(104358, 6624233)"
Rennebu,Rennebu,"(245693, 6976374)"
Rennesøy,Rennesøy,"(-31683, 6588225)"
Rindal,Rindal,"(207703, 7004896)"
Ringebu,Ringebu,"(241796, 6831434)"
Ringsaker,Ringsaker,"(279682, 6756921)"
Rissa,Rissa,"(249948, 7060394)"
Risør,Risør,"(165023, 6523189)"
Roald,Giske,"(44350, 6961325)"
Roan,Roan,"(268042, 7125018)"
Rollag,Rollag,"(181873, 6663391)"
Romedal,Stange,"(292222, 6737160)"
Rovde,Sande (Møre og Romsdal),"(10594, 6933069)"
Rygge,Rygge,"(255571, 6593209)"
Råde,Råde,"(265300, 6586545)"
Rødenes,Marker,"(310784, 6598203)"
Rødøy,Rødøy,"(424329, 7400302)"
Røldal,Odda,"(30240, 6688986)"
Rømskog,Rømskog,"(320838, 6627828)"
Røra,Inderøy,"(317737, 7088485)"
Røros,Røros,"(314458, 6943472)"
Røyken,Røyken,"(242263, 6631401)"
Salangen,Salangen,"(613978, 7642991)"
Saltdal,Saltdal,"(517133, 7442740)"
Samnanger,Samnanger,"(-8249, 6729183)"
Sand,Suldal,"(5455, 6626756)"
Sandar,Sandefjord,"(226548, 6564135)"
Sande,Sande (Møre og Romsdal),"(10594, 6933069)"
Sandefjord,Sandefjord,"(226548, 6564135)"
Sandnes,Sandnes,"(-33904, 6560209)"
Sandvollan,Inderøy,"(317737, 7088485)"
Sandøy,Sandøy,"(65587, 6990093)"
Sannidal,Kragerø,"(177909, 6538808)"
Sarpsborg,Sarpsborg,"(278513, 6577862)"
Sauda,Sauda,"(13534, 6644277)"
Sauherad,Sauherad,"(173671, 6598300)"
Sel,Sel,"(211829, 6860993)"
Selbu,Selbu,"(300975, 7015989)"
Selje,Selje,"(-3638, 6916688)"
Seljord,Seljord,"(139340, 6611112)"
Sem,Tønsberg,"(238476, 6579279)"
Setskog,Aurskog-Høland,"(307783, 6643375)"
Sigdal,Sigdal,"(201496, 6668648)"
Singsås,Holtålen,"(311257, 6973573)"
Sjernarøy,Finnøy,"(-20659, 6594836)"
Skatval,Stjørdal,"(296660, 7044273)"
Skedsmo,Skedsmo,"(278878, 6652959)"
Skien,Skien,"(192396, 6575530)"
Skiptvet,Skiptvet,"(282626, 6599425)"
Skjeberg,Sarpsborg,"(278513, 6577862)"
Skjerstad,Bodø,"(473416, 7463089)"
Skjervøy,Skjervøy,"(727337, 7780791)"
Skjold,Vindafjord,"(-17706, 6643404)"
Skjåk,Skjåk,"(146348, 6879561)"
Skodje,Skodje,"(73224, 6957717)"
Skoger,Drammen,"(230713, 6632723)"
Skogn,Levanger,"(317450, 7073995)"
Skudenes,Karmøy,"(-51177, 6611558)"
Skudeneshavn,Karmøy,"(-51177, 6611558)"
Skånevik,Etne,"(-9745, 6648991)"
Skåre,Haugesund,"(-50742, 6626242)"
Skåtøy,Kragerø,"(177909, 6538808)"
Slemdal,Oslo,"(261502, 6649292)"
Snertingdal,Gjøvik,"(265643, 6747621)"
Snåsa,Snåsa - Snåasen tjielte,"(373154, 7127045)"
Sogndal,Sogndal,"(76722, 6814195)"
Sokndal,Sokndal,"(-8774, 6499870)"
Soknedal,Midtre Gauldal,"(261752, 6998681)"
Sollia,Stor-Elvdal,"(290176, 6832868)"
Solum,Porsgrunn,"(194424, 6568079)"
Solund,Solund,"(-46723, 6813643)"
Son,Vestby,"(260108, 6614803)"
Sortland,Sortland,"(516700, 7620540)"
Spangereid,Lindesnes,"(46621, 6464013)"
Sparbu,Steinkjer,"(328773, 7103152)"
Spind,Farsund,"(17507, 6468713)"
Spydeberg,Spydeberg,"(279006, 6615647)"
Stadsbygd,Agdenes,"(242691, 7052350)"
Stamnes,Vaksdal,"(-1620, 6752263)"
Stange,Stange,"(292222, 6737160)"
Stangvik,Surnadal,"(182280, 6998344)"
Stathelle,Bamble,"(198357, 6552083)"
Stavanger,Stavanger,"(-32014, 6573603)"
Steigen,Steigen,"(500697, 7517909)"
Steinkjer,Steinkjer,"(328773, 7103152)"
Stjørdal,Stjørdal,"(296660, 7044273)"
Stjørna,Rissa,"(249948, 7060394)"
Stod,Steinkjer,"(328773, 7103152)"
Stokke,Stokke,"(231885, 6574220)"
Stoksund,Åfjord,"(266239, 7101354)"
Stor-Elvdal,Stor-Elvdal,"(290176, 6832868)"
Stord,Stord,"(-32184, 6665270)"
Stordal,Stordal,"(86338, 6942467)"
Strand,Strand,"(-13273, 6577175)"
Stranda,Stranda,"(83194, 6934490)"
Strandebarm,Jondal,"(17125, 6714275)"
Strandvik,Fusa,"(-11195, 6714026)"
Straumsnes,Tingvoll,"(155356, 6994027)"
Strinda,Trondheim,"(270282, 7041668)"
Stryn,Stryn,"(65740, 6891168)"
Strømm,Svelvik,"(240686, 6616616)"
Støren,Midtre Gauldal,"(261752, 6998681)"
Suldal,Suldal,"(5455, 6626756)"
Sund,Sund,"(-47807, 6722869)"
Sunndal,Sunndal,"(170674, 6965797)"
Sunnylven,Stranda,"(83194, 6934490)"
Surnadal,Surnadal,"(182280, 6998344)"
Sveio,Sveio,"(-44172, 6640148)"
Svelvik,Svelvik,"(240686, 6616616)"
Sykkylven,Sykkylven,"(65433, 6945958)"
Sylte,Vestnes,"(94933, 6968268)"
Søgne,Søgne,"(76932, 6462033)"
Søndeled,Risør,"(165023, 6523189)"
Søndre Land,Søndre Land,"(246309, 6738268)"
Sør-Audnedal,Audnedal,"(52281, 6485772)"
Sør-Aurdal,Sør-Aurdal,"(203743, 6755323)"
Sør-Fron,Sør-Fron,"(231286, 6835222)"
Sør-Frøya,Frøya,"(195378, 7081671)"
Sør-Odal,Sør-Odal,"(316459, 6684254)"
Sør-Varanger,Sør-Varanger,"(1076529, 7807110)"
Sør-Vågsøy,Vågsøy,"(-17456, 6906524)"
Sørfjord,Tromsø,"(653403, 7731972)"
Sørfold,Sørfold,"(525543, 7470311)"
Sørreisa,Sørreisa,"(625335, 7673982)"
Sørum,Sørum,"(290281, 6655935)"
Talvik,Alta,"(816163, 7784821)"
Tana,Tana - Deanu gielda,"(995112, 7842002)"
Tiller,Trondheim,"(270282, 7041668)"
Time,Time,"(-40002, 6548470)"
Tingvoll,Tingvoll,"(155356, 6994027)"
Tinn,Tinn,"(141730, 6655243)"
Tjeldsund,Tjeldsund,"(555557, 7605422)"
Tjølling,Larvik,"(214894, 6556496)"
Tjøme,Tjøme,"(236315, 6561508)"
Tjøtta,Alstahaug,"(391273, 7324149)"
Tolga,Tolga,"(293292, 6926246)"
Tonstad,Sirdal,"(20214, 6532464)"
Torsken,Torsken,"(580776, 7696070)"
Torsnes,Fredrikstad,"(268259, 6570534)"
Torvastad,Karmøy,"(-51177, 6611558)"
Tovdal,Åmli,"(123544, 6532393)"
Tranøy,Tranøy,"(608453, 7675833)"
Tromsø,Tromsø,"(653403, 7731972)"
Tromsøysund,Tromsø,"(653403, 7731972)"
Tromøy,Arendal,"(136520, 6496840)"
Trondenes,Harstad,"(562119, 7632709)"
Trondheim,Trondheim,"(270282, 7041668)"
Trysil,Trysil,"(353532, 6800997)"
Træna,Træna,"(370849, 7378823)"
Trøgstad,Trøgstad,"(292324, 6617244)"
Tune,Sarpsborg,"(278513, 6577862)"
Tustna,Aure,"(175771, 7031831)"
Tvedestrand,Tvedestrand,"(147583, 6514381)"
Tveit,Kristiansand,"(88166, 6466404)"
Tydal,Tydal,"(330649, 6994990)"
Tynset,Tynset,"(280892, 6911847)"
Tysfjord,Narvik,"(599528, 7593776)"
Tysnes,Tysnes,"(-28564, 6690142)"
Tysvær,Tysvær,"(-40826, 6625960)"
Tønsberg,Tønsberg,"(238476, 6579279)"
Ullensaker,Ullensaker,"(287625, 6673606)"
Ullensvang,Odda,"(30240, 6688986)"
Ulstein,Ulstein,"(27051, 6946092)"
Ulvik,Ulvik herad,"(57568, 6741917)"
Uvdal,Nore og Uvdal,"(165411, 6696520)"
Vadsø,Vadsø,"(1056260, 7841826)"
Valestrand,Sveio,"(-44172, 6640148)"
Valle,Valle,"(74253, 6587578)"
Valsøyfjord,Halsa,"(163040, 7016385)"
Vang,Vang,"(154166, 6793807)"
Vanse,Farsund,"(17507, 6468713)"
Vanylven,Vanylven,"(8267, 6921252)"
Varaldsøy,Kvinnherad,"(-524, 6683734)"
Vardal,Gjøvik,"(265643, 6747621)"
Vardø,Vardø,"(1097732, 7886965)"
Varhaug,Hå,"(-42323, 6535232)"
Vartdal,Ørsta,"(39544, 6928006)"
Varteig,Sarpsborg,"(278513, 6577862)"
Vatne,Haram,"(61668, 6970043)"
Vats,Vindafjord,"(-17706, 6643404)"
Vefsn,Vefsn,"(417816, 7303376)"
Vega,Vega,"(360470, 7287076)"
Vegusdal,Birkenes,"(104164, 6485926)"
Vegårshei,Vegårshei,"(145274, 6528574)"
Velfjord,Brønnøy,"(370576, 7263461)"
Vemundvik,Namsos,"(331585, 7153591)"
Vennesla,Vennesla,"(88186, 6480151)"
Verdal,Verdal,"(326683, 7078797)"
Verran,Verran,"(315915, 7110925)"
Vestby,Vestby,"(260108, 6614803)"
Vestnes,Vestnes,"(94933, 6968268)"
Vestre Gausdal,Gausdal,"(243546, 6797435)"
Vestre Moland,Lillesand,"(111733, 6475634)"
Vestre Slidre,Vestre Slidre,"(175734, 6787564)"
Vestre Toten,Vestre Toten,"(260514, 6740268)"
Vevring,Naustdal,"(7192, 6854837)"
Veøy,Rauma,"(124670, 6958788)"
Vik,Vik,"(46726, 6801905)"
Vikebygd,Sveio,"(-44172, 6640148)"
Vikedal,Vindafjord,"(-17706, 6643404)"
Vikna,Vikna,"(321952, 7198546)"
Vinger,Kongsvinger,"(333565, 6676514)"
Vinje,Vinje,"(104358, 6624233)"
Volda,Volda,"(35492, 6922645)"
Voll,Rauma,"(124670, 6958788)"
Voss,Voss,"(31351, 6752005)"
Vossestrand,Voss,"(31351, 6752005)"
Vågan,Vågan,"(481897, 7568820)"
Vågå,Vågå,"(189792, 6874444)"
Våle,Re,"(231017, 6590927)"
Våler,Våler (Østfold),"(265930, 6601736)"
Værøy,Værøy,"(402202, 7507206)"
Ytre Holmedal,Fjaler,"(-12072, 6841097)"
Ytre Rendal,Rendalen,"(293874, 6868167)"
Ytre Sandsvær,Kongsberg,"(198605, 6626282)"
Ytterøy,Levanger,"(317450, 7073995)"
Ådal,Ringerike,"(236852, 6678708)"
Åkra,Karmøy,"(-51177, 6611558)"
Ål,Ål,"(148098, 6738872)"
Ålen,Holtålen,"(311257, 6973573)"
Ålesund,Ålesund,"(44904, 6957920)"
Ålvundeid,Sunndal,"(170674, 6965797)"
Åmli,Åmli,"(123544, 6532393)"
Åmot,Åmot,"(304705, 6782891)"
Årdal,Årdal,"(108836, 6810996)"
Årstad,Bergen,"(-31781, 6734243)"
Ås,Ås,"(262960, 6621468)"
Åsane,Bergen,"(-31781, 6734243)"
Åsen,Levanger,"(317450, 7073995)"
Åseral,Åseral,"(59773, 6522399)"
Åsgårdstrand,Horten,"(243854, 6595010)"
Åsnes,Åsnes,"(336469, 6723444)"
Åsskard,Surnadal,"(182280, 6998344)"
Øksendal,Sunndal,"(170674, 6965797)"
Øksnes,Øksnes,"(503488, 7644846)"
Øre,Gjemnes,"(128330, 6994939)"
Ørland,Ørland,"(236418, 7073009)"
Ørskog,Ørskog,"(78870, 6954637)"
Ørsta,Ørsta,"(39544, 6928006)"
Østre Gausdal,Gausdal,"(243546, 6797435)"
Østre Toten,Østre Toten,"(271563, 6734085)"
Øvre Eiker,Øvre Eiker,"(214236, 6636903)"
Øvre Rendal,Rendalen,"(293874, 6868167)"
Øvre Sandsvær,Kongsberg,"(198605, 6626282)"
Øvre Sirdal,Sirdal,"(20214, 6532464)"
Øvrebø,Vennesla,"(88186, 6480151)"
Øyer,Øyer,"(254139, 6800897)"
Øyestad,Arendal,"(136520, 6496840)"
Øymark,Marker,"(310784, 6598203)"
Øyslebø,Marnardal,"(61369, 6475127)"
Øystre Slidre,Øystre Slidre,"(181396, 6792108)"
